分類,項目,負責單位,聯絡窗口,電話,備註
系統,Google地圖建檔,AI數位管理師,何幸耘,02-2747-8711#3957,
系統,CMS帳號申請,基磐管理Team,地區OP,,
系統,Menu board配信異常、冰箱上電視未配信,媒體暨數位行銷Team,陳玉秀,02-2747-8711#2478,
其他,制服,工作簡化Team,林辰鎂,02-2747-8711#2609,
其他,申請藥證,各營運部,後支主任、後支專員,,
設備,Gogoro的充電站,ibon Team,林菀秋,02-2747-8711#3466,
設備,扭蛋機,IP角色 Team,楊凱嵐,02-2747-8711#2428,
設備,思樂冰、啤酒吧的鋼瓶,行銷二群專案,沈孟薇,02-2747-8711#3527,
設備,ATM裝機,金融服務Team,周妤璇,02-2747-8711#3424,
系統,CMS連線異常,,叫修中心,,
系統,WIFI分享器安裝,,叫修中心,,
系統,位移或REMO，PIC舊店資料如無法即時倒到「新店的SC硬碟」,,叫修中心,,
系統,賣場無法用ST,,叫修中心,,
設備,ibon拉線問題,"接頭(PIC)
接線(水電)
網路(中華電信)","叫修中心
監工
叫修中心",,
設備,公共電話,"裝機
拉線","後支主任
監工",,
設備,魔爪/紅牛小冰箱,飲料Team,張玄翰,02-2747-8711#3562,
設備,娃寶機,數位新商機一 Team,張富渝,02-2747-8711#3959,
開檔,不可思議咖啡,CITY PRIMA Team,曾令汎,02-2747-8711#2534,
開檔,現萃茶,CITY TEA Team,陳仲豪,02-2747-8711#2514,
開檔,OPEN!PLAZA,IP角色 Team,李新豪,02-2747-8711#2437,
開檔,寶可夢,IP角色 Team,李新豪,02-2747-8711#2437,
開檔,東南亞移工商機,一般食品Team,李育緯,02-2747-8711#3542,
開檔,菓子屋,一般食品Team,林竹珍,02-2747-8711#3541,
開檔,不可思議茶BAR,不可思議茶Bar Team,楊靜兒,02-2747-8711#2503,
開檔,博客來,日用品Team,尤泓筑,02-2747-8711#3553,
開檔,adopt香水落地架,全球採購 Team,蔡伊茜,02-2747-8711#2441,
開檔,動福蛋,自助熱食Team,方豐業,02-2747-8711#2522,
開檔,蒸玉米,自助熱食Team,方豐業,02-2747-8711#2522,
開檔,現烤地瓜,自助熱食Team,黃彥翔,02-2747-8711#2511,
開檔,K-Seren,行銷二群,李華玲,02-2747-8711#3524,
開檔,啤酒BAR,行銷二群,沈孟薇,02-2747-8711#3527,
開檔,酷聖石,行銷二群,沈孟薇,02-2747-8711#3527,
開檔,用品量販,行銷二群,蔡依儒,02-2747-8711#3523,
開檔,均一價,行銷二群,蔡依儒,02-2747-8711#3523,
開檔,雪淋霜,行銷二群專案,陳昌賢,02-2747-8711#3528,
開檔,酷聖石霜淇淋,行銷二群專案,陳昌賢,02-2747-8711#3528,
開檔,多拿滋,烘焙Team,林秀英,02-2747-8711#3539,
開檔,聖娜麵包,烘焙Team,蕭旭伸,02-2747-8711#3517,
開檔,甜點,甜點專案,林家芬,02-2747-8711#3574,
開檔,紅酒櫃,飲料Team,周瑋倫,02-2747-8711#3571,
開檔,果汁吧,蔬果Team,車玉萍,02-2747-8711#3588,
開檔,開心市集,蔬果Team,車玉萍,02-2747-8711#3588,
開檔,開心食堂,鮮食新商機一Team,邵思涵,02-2747-8711#3933,
開檔,天素地蔬,鮮食新商機一Team,曾靖涵,02-2747-8711#3967,
開檔,天素地蔬（複合專區全素）,鮮食新商機一Team,曾靖涵,02-2747-8711#3967,
開檔,21TOGO,各營運部,營銷專員,,
開檔,i划算水位調整,各營運部,營銷專員,,
開檔,生鮮蔬菜,各營運部,營銷專員,,
開檔,冰品海島櫃,各營運部,營銷專員,,
開檔,多拿滋,各營運部,營銷專員,,
開檔,哈燒,各營運部,營銷專員,,
開檔,思樂冰,各營運部,營銷專員,,
開檔,時尚女襪、機能襪,各營運部,營銷專員,,
開檔,時尚文具,各營運部,營銷專員,,
開檔,時尚毛巾,各營運部,營銷專員,,
開檔,時尚飾品,各營運部,營銷專員,,
開檔,酒類開檔,各營運部,營銷專員,,
開檔,現蒸地瓜,各營運部,營銷專員,,
開檔,氮氣咖啡 /茶,各營運部,營銷專員,,
開檔,滷味（湯滷）,各營運部,營銷專員,,
開檔,精品咖啡,各營運部,營銷專員,,
開檔,熱壓吐司,各營運部,營銷專員,,
開檔,隱形眼鏡,各營運部,營銷專員,,
開檔,寵物專區,各營運部,營銷專員,,
開檔,饗喫鍋,各營運部,營銷專員,,
物流,大智通,,,0800033711,
廠商,歐悅,,,"062496520(南倉), 0423358491(中倉)",
廠商,新日光,,,0228106222,
廠商,尚宜(保修商),,,04-23320666,
廠商,振櫻(保修商),,,04-24960405,
廠商,三弘(保修商),,,05-2688076,
廠商,佑軒(保修商),,,05-2841911,
廠商,統一精工(保修商),,,06-201168,
廠商,睿唐(裝潢),,,047-748473,
廠商,尚新(裝潢),,,06-2678815,
廠商,筑新(裝潢),,,06-2871213,
廠商,帷盛(水電),,,04-26269909,
廠商,國勢(水電),,,05-7826050,
廠商,大 協(招牌),,,047-331966,
廠商,世紀(招牌),,,06-2881988,
廠商,泰山(自動門),,,04-22911234,
廠商,中華電信(監視器) 鄧羽涵,,,02-23267141,
嘉義常用廠商,捷盟 新市,嘉義區域配合廠商,,"06-5990660 #210、209 EOS,客服:0800-456-600",傳真: 06-599-7337   改為mail模式 | A群/B群（水菸麵烈酒）
嘉義常用廠商,嘉義 統昶（鮮食）,嘉義區域配合廠商,,06-5704288#6632  欣儀 1010813起配送全嘉南區,傳真: 06-5704255   改為mail模式 | 鮮食麵包
嘉義常用廠商,嘉義 統昶（乳品）,嘉義區域配合廠商,,1119#6632  05-2381440   葉閔慈（限.嘉新.嘉義.雲林.雲嘉）,傳真: 05-2381450   改為mail模式 | 98/4/27起
嘉義常用廠商,新市統昶-冷凍+乳品,嘉義區域配合廠商,,06-5898966#6632惠珠冷凍府城.新豐.永康除外、.乳品—限府城.台南.新豐.永康.曾文,傳真: 06-5012925   改為mail模式 | 98/4/27起
嘉義常用廠商,麻豆麵包,嘉義區域配合廠商,,06-5704210#3203   傅組長  改mail模式,傳真: 06-5704204
嘉義常用廠商,東匯玩具,嘉義區域配合廠商,,07-7214382,傳真: 07-7214362
嘉義常用廠商,Duskin(永康所),嘉義區域配合廠商,,06-2319868,傳真: 06-2319200 | 103/11/1起
嘉義常用廠商,Duskin(台南所),嘉義區域配合廠商,,06-3555689,傳真: 06-3553658 | 103/11/1起
嘉義常用廠商,Duskin,嘉義區域配合廠商,,05-2390930---新營以北.嘉義.雲林 簡碼1313,傳真: 05-2390940
嘉義常用廠商,太古CO2,嘉義區域配合廠商,,03-3648800*6394 簡淑娟  簡碼1220,傳真: 03-3649900 | 劉秀晏0928010312
嘉義常用廠商,中華日報,嘉義區域配合廠商,,06-2296381*126,傳真: 06-2296435
嘉義常用廠商,華源複合機,嘉義區域配合廠商,,02-87523999*2250   0800016138 李秋燕. 簡碼1195,傳真: 02-87526677  改mail | 秋燕手機0922-121-141
嘉義常用廠商,速達北港所,嘉義區域配合廠商,,05-7731213 崙背.口湖..四湖.葆忠.東勢.水林.北港,傳真: 05-7825731 | 二崙.麥寮.台西.土庫.元長.
嘉義常用廠商,速達斗六所,嘉義區域配合廠商,,05-5370028,傳真: 05-5373163 | 雲林縣
嘉義常用廠商,速達嘉義所,嘉義區域配合廠商,,05-2353571,傳真: 05-2840022 | 嘉義市.水上..大林.
嘉義常用廠商,速達朴子所,嘉義區域配合廠商,,05-3796118                  朴子.布袋.鹿草,傳真: 05-3795500 | .太保.新港.溪口.六腳..民雄
嘉義常用廠商,速達路竹所,嘉義區域配合廠商,,07-6935377,傳真: 07-6938615 | 湖內以北門市
嘉義常用廠商,速達高雄所,嘉義區域配合廠商,,07-8419300,傳真: 07-8419305 | 湖內以南門市
嘉義常用廠商,蘋果日報,嘉義區域配合廠商,,07-3510680-109陳小姐 簡碼1206  手機0961186037,傳真: 07-3510675 | 0926292637（公司手機）
嘉義常用廠商,自由時報,嘉義區域配合廠商,,05-2859700＊102---限嘉義.區門市適用   簡碼1293,傳真: 05-2851172 | 嘉義.區門市適用
嘉義常用廠商,自由時報,嘉義區域配合廠商,,05-5321473--雲林區門市適用      簡碼1294,傳真: 05-5325670 | 雲林區門市適用
嘉義常用廠商,中國時報,嘉義區域配合廠商,,06-2150162 蔡先生,傳真: 06-2147468
嘉義常用廠商,DHL,嘉義區域配合廠商,,02-25029999 ＊6379 金志偉 簡碼1198(02-25086381專線),傳真: 02-25063777   改mail | 103/11/1起
嘉義常用廠商,英美煙草,嘉義區域配合廠商,,02-87891230*5019  簡碼1306 02-27193677（總機）,傳真: 02-87896567 | 寶馬香煙pop
嘉義常用廠商,七星煙廠商,嘉義區域配合廠商,,04-23058599*2201江經理 簡碼1199,傳真: 04-23058598--限嘉義.雲林區門市適 | 七星香煙pop
嘉義常用廠商,萬寶路煙商,嘉義區域配合廠商,,07-9513066   王詠龍0918697976  簡碼1274,傳真: 07-9513068 | 萬寶路香煙pop
嘉義常用廠商,萬寶路煙商,嘉義區域配合廠商,,04-23291085黃品凱先生 簡碼1169  改為mail模式,傳真: 04-23290883—限雲林區門市適用 | 萬寶路香煙pop
