頁面,大分類,細項分類,品號,名稱,預設數量/規格,備註
長期POP與陳列盒,用品,用品1,324333,我的美麗日記/hotspot,1,
長期POP與陳列盒,用品,用品1,376808,蜜緹隱眼,1,
長期POP與陳列盒,用品,用品1,360551,彩妝保養好物,1,
長期POP與陳列盒,用品,用品1,361231,生活小物,1,
長期POP與陳列盒,用品,用品2,741617,夏季防曬(左降溫；右防曬),1,
長期POP與陳列盒,用品,用品3,326783,醫材小物,1,
長期POP與陳列盒,用品,用品3,325461,衛生套,1,
長期POP與陳列盒,用品,用品3,464107,GATSBY(髮蠟),1,
長期POP與陳列盒,用品,用品4,325472,5L以上寵物食品,1,
長期POP與陳列盒,用品,用品5,344963,DUSKIN,1,
長期POP與陳列盒,用品,用品5,494038,文具架,0,
長期POP與陳列盒,用品,用品5,722900,辦公文具壓克力,0,
長期POP與陳列盒,專案架貨架,時尚文具,565625,18格筆架,4,
長期POP與陳列盒,專案架貨架,時尚文具,355541,POP背板+飾條,1,
長期POP與陳列盒,專案架貨架,時尚文具,739335,吊掛背板祝福卡片,1,
長期POP與陳列盒,專案架貨架,時尚飾品,378420,雙溫層櫃水果籐籃,1,
長期POP與陳列盒,專案架貨架,時尚飾品,310588,頭卡、跳卡、飾條,1,
長期POP與陳列盒,專案架貨架,時尚飾品,319720,第二層陳列盒,1,
長期POP與陳列盒,專案架貨架,時尚棉襪,371809,頭卡,1,
長期POP與陳列盒,健美,第一層,362029,我的健康日記,1,
長期POP與陳列盒,健美,第一層,321855,利捷維,1,
長期POP與陳列盒,健美,第一層,393247,桂格,1,
長期POP與陳列盒,健美,第一層,325019,白蘭氏,1,
長期POP與陳列盒,健美,第五層,326356,保健補給,1,
長期POP與陳列盒,健美,第五層,333799,美麗對策,1,
長期POP與陳列盒,糖果,糖果2,315497,進口糖果,左,
長期POP與陳列盒,糖果,糖果2,328686,進口巧克力,中,
長期POP與陳列盒,糖果,糖果2,372820,糖巧限時優惠專區,右,
長期POP與陳列盒,糖果,糖果3,492641,3L壓克力架,0,
長期POP與陳列盒,零食,零食1,315646,午茶糕點,1,
長期POP與陳列盒,零食,零食1,365074,Mini To Go隨時享受,1,
長期POP與陳列盒,零食,零食2,411996,Mini To Go小零食陳列盒,5,
長期POP與陳列盒,零食,零食2,412046,Mini To Go飾條,1,
長期POP與陳列盒,零食,零食2,412098,Mini To Go背板,1,
長期POP與陳列盒,零食,量販,6307,背板+飾條,1,
長期POP與陳列盒,零食,量販,348750,科學麵,1,
長期POP與陳列盒,零食,量販,308141,串包零食道具,1,
長期POP與陳列盒,零食,量販,364105,科學麵小點兒串包吊掛,1,
長期POP與陳列盒,零食,量販,333760,SOYJOY陳列盒(大豆),1,
長期POP與陳列盒,活力健康,,445458,活力健康背板,1,
長期POP與陳列盒,活力健康,,354763,統一生機陳列盒,1,
長期POP與陳列盒,活力健康,,365437,米森品陳列盒,1,
長期POP與陳列盒,甜點,,737331,甜點OSC冰箱I珍食側招,1,
長期POP與陳列盒,甜點,,300214,甜點冰箱壁櫃底板+側招,1,
長期POP與陳列盒,甜點,,767270,甜點OSC冰箱離峰立牌,1,
長期POP與陳列盒,甜點,,767322,甜點OSC冰箱今日小確幸飾條,1,
長期POP與陳列盒,甜點,,516896,甜點OSC 上下靜貼,1,
長期POP與陳列盒,甜點,,517083,甜點OSC 84CM飾條7條,1,
長期POP與陳列盒,甜點,,516434,甜點OSC進口甜點側招,1,
長期POP與陳列盒,甜點,,517074,甜點OSC 頭卡高10cm版,1,
長期POP與陳列盒,甜點,,517129,甜點OSC 頭卡高20cm版,1,
長期POP與陳列盒,甜點,,767331,甜點OSC冰箱i珍食側招,1,
長期POP與陳列盒,咖啡機,,990657,機器故障告示牌,1,
長期POP與陳列盒,咖啡機,,791863,冰塊杯_製冰機貼紙30X50cm,1,
長期POP與陳列盒,咖啡機,,781145,現調咖啡茶飲產品標示掃描專用,1,
長期POP與陳列盒,咖啡機,,390045,SOUL自備杯牛奶冰箱,2,
長期POP與陳列盒,咖啡機,,390737,S_ART牛奶冰箱,2,
長期POP與陳列盒,咖啡機,,390760,ESC2_M牛奶冰箱,2,
長期POP與陳列盒,國際精品,2LA-2,347188,酒品專區側招,1,
長期POP與陳列盒,國際精品,2LA-2,768689,咖啡膠囊,1,
長期POP與陳列盒,國際精品,2LA-2,768672,香水,1,
長期POP與陳列盒,國際精品,2LA-2,730876,雪肌粹,1,
長期POP與陳列盒,冷凍,,329176,冷凍POP,1,
長期POP與陳列盒,冷凍,,637721,冷凍陳列盒,1,
長期POP與陳列盒,冷凍食品品名卡,,24453,蔥油餅,1,
長期POP與陳列盒,冷凍食品品名卡,,308545,辣味雞柳條,1,
長期POP與陳列盒,冷凍食品品名卡,,309167,韓式泡菜,1,
長期POP與陳列盒,冷凍食品品名卡,,322911,奇美芝麻流沙包,1,
長期POP與陳列盒,冷凍食品品名卡,,329181,豆乳雞,1,
長期POP與陳列盒,冷凍食品品名卡,,329202,蜜汁雞排,1,
長期POP與陳列盒,冷凍食品品名卡,,336172,艋舺雞排-爆汁嫩雞,1,
長期POP與陳列盒,冷凍食品品名卡,,350822,鮮肉鍋貼,1,
長期POP與陳列盒,冷凍食品品名卡,,353347,炭烤風味雞排,1,
長期POP與陳列盒,冷凍食品品名卡,,353381,世界的山將夢幻雞翅,1,
長期POP與陳列盒,冷凍食品品名卡,,353424,蔥阿伯鮮肉小籠湯包,1,
長期POP與陳列盒,冷凍食品品名卡,,353539,奶油培根義大利麵,1,
長期POP與陳列盒,冷凍食品品名卡,,365306,鹽味毛豆,1,
長期POP與陳列盒,冷凍食品品名卡,,365436,韓風拌拌雞,1,
長期POP與陳列盒,冷凍食品品名卡,,365440,美式紐澳良,1,
長期POP與陳列盒,冷凍食品品名卡,,365455,原味嫩雞塊,1,
長期POP與陳列盒,冷凍食品品名卡,,366054,椒鹽鹽酥雞,1,
長期POP與陳列盒,冷凍食品品名卡,,370798,德州風味BBQ,1,
長期POP與陳列盒,冷凍食品品名卡,,377529,番茄肉醬,1,
長期POP與陳列盒,冷凍食品品名卡,,384353,招牌水餃,1,
長期POP與陳列盒,冷凍食品品名卡,,384357,海鮮披薩,1,
長期POP與陳列盒,冷凍食品品名卡,,384871,火腿肉絲蛋炒飯,1,
長期POP與陳列盒,冷凍食品品名卡,,384878,香辣詐雞球,1,
長期POP與陳列盒,冷凍食品品名卡,,393302,青醬蛤蠣,1,
長期POP與陳列盒,冷凍食品品名卡,,466346,世界山將唐楊雞,1,
長期POP與陳列盒,冷凍食品品名卡,,466500,沙茶豬肉蛋炒飯,1,
長期POP與陳列盒,冷凍食品品名卡,,492269,泰式打拋豬,1,
長期POP與陳列盒,冷凍食品品名卡,,621846,阿甘薯叔,1,
長期POP與陳列盒,冷凍食品品名卡,,621911,晶華碧玉鮮蝦,1,
長期POP與陳列盒,冷凍食品品名卡,,621923,招牌水煎包,1,
長期POP與陳列盒,冷凍食品品名卡,,704817,膳馨蜜汁,1,
長期POP與陳列盒,冷凍食品品名卡,,704859,晶華金黃魚子燒賣,1,
長期POP與陳列盒,冷凍食品品名卡,,704871,秘製滷雞翅,1,
長期POP與陳列盒,冷凍食品品名卡,,704872,玉米豬肉水餃,1,
長期POP與陳列盒,冷凍食品品名卡,,704889,韓風甜辣醬炸雞,1,
長期POP與陳列盒,冷凍食品品名卡,,704898,晶華紅燒牛肉,1,
長期POP與陳列盒,冷凍食品品名卡,,704899,美式紐奧良烤雞翅,1,
長期POP與陳列盒,冷凍食品品名卡,,704902,膳馨無骨排骨酥,1,
長期POP與陳列盒,冷凍食品品名卡,,763872,鮮凍藍莓,1,
長期POP與陳列盒,冷凍食品品名卡,,764023,烤雞佐青醬義大利麵,1,
長期POP與陳列盒,冷凍食品品名卡,,764033,四季紅油雞丁,1,
長期POP與陳列盒,冷凍食品品名卡,,764041,壹番屋奶油咖哩雞肉飯,1,
長期POP與陳列盒,冷凍食品品名卡,,764053,麻辣大鍋貼,1,
長期POP與陳列盒,冷凍食品品名卡,,764054,綜合莓果,1,
長期POP與陳列盒,冷凍食品品名卡,,764055,雙起司肉醬義大利麵,1,
長期POP與陳列盒,冷凍食品品名卡,,764073,白種元韓式牛肉拌飯,1,
長期POP與陳列盒,冷凍食品品名卡,,764097,美式經典紐奧良烤雞翅,1,
長期POP與陳列盒,冷凍食品品名卡,,764101,大大大雞排,1,
長期POP與陳列盒,冷凍食品品名卡,,764103,日式照燒雞肉,1,
長期POP與陳列盒,冷凍食品品名卡,,990039,香腸炒飯,1,
長期POP與陳列盒,冷凍食品品名卡,,791773,大大大香辣鹽酥雞冷凍品名卡,1,
長期POP與陳列盒,冷凍食品品名卡,,791835,剝皮辣椒雞細扁麵冷凍品名卡,1,
長期POP與陳列盒,冷凍食品品名卡,,791879,蒜香黑胡椒雞胸條冷凍品名卡,1,
長期POP與陳列盒,冷凍食品品名卡,,791803,麻辣大鍋貼冷凍品名卡,1,
長期POP與陳列盒,冷凍食品品名卡,,791851,美式BBQ烤雞翅冷凍品名卡,1,
長期POP與陳列盒,冷凍食品品名卡,,791864,炸裂椒麻腿冷凍品名卡,1,
長期POP與陳列盒,冷凍食品品名卡,,791905,奶香起司烤雞筆管麵冷凍品名卡,1,
長期POP與陳列盒,天素地蔬,,463758,旗艦冷凍4台-素食複合店,1,
長期POP與陳列盒,天素地蔬,,463869,1台貨架-天素地蔬,1,
長期POP與陳列盒,天素地蔬,,463900,常溫5或6台-素食複合店,1,
長期POP與陳列盒,天素地蔬,,463937,常溫冷藏冷凍-素食複合店,1,
長期POP與陳列盒,天素地蔬,,463966,區域商品-天素地蔬,1,
長期POP與陳列盒,天素地蔬,,463788,常溫冷凍-素食複合店,1,
長期POP與陳列盒,天素地蔬,,497050,一台貨架(新式pop)天素地蔬,1,
長期POP與陳列盒,賣場,,742773,7-11 LOGO,5,
長期POP與陳列盒,賣場,,350422,環保限塑-冷藏冰箱貨架插,4,
長期POP與陳列盒,賣場,,492353,節約能源吸管脫落貼紙,1,
長期POP與陳列盒,賣場,,492366,低溫溫請小心取用,10,
長期POP與陳列盒,賣場,,463821,小心自動門貼紙,1,
長期POP與陳列盒,賣場,,463834,身高尺,1,
長期POP與陳列盒,賣場,,450265,低溫產品警語冷藏冰箱側貼,1,
長期POP與陳列盒,賣場,,492667,嚴禁竄改商品效期貼紙,1,
長期POP與陳列盒,賣場,,309030,有7-11真好形象靜貼,2,
長期POP與陳列盒,賣場,,445432,無障礙斜坡POP,4,
長期POP與陳列盒,賣場,,347196,酒品專區OSC靜貼,2,
長期POP與陳列盒,賣場,,326204,冷凍子櫃上方燈箱靜貼,1,
長期POP與陳列盒,賣場,,346500,正確洗手步驟,3,
長期POP與陳列盒,賣場,,346793,酒品專區-烈酒背板,1,
長期POP與陳列盒,賣場,,6307,量販專區背板,1,
長期POP與陳列盒,賣場,,307574,不冰背板,1,
長期POP與陳列盒,賣場,,597282,不冰飲料飾條,1,
長期POP與陳列盒,賣場,,713571,自助結帳天吊,1,
長期POP與陳列盒,賣場,,325443,玩具入浴球頭卡,1,
長期POP與陳列盒,賣場,,365317,正餐離峰立牌,1,
長期POP與陳列盒,賣場,,356650,麵包離峰立牌,1,
長期POP與陳列盒,賣場,,353887,飯糰離峰立牌,2,
長期POP與陳列盒,賣場,,492638,90cm名特產背板,1,
長期POP與陳列盒,賣場,,347292,60cm名特產背板,1,
長期POP與陳列盒,賣場,,347318,45cm名特產背板,1,
長期POP與陳列盒,賣場,,721687,饗喫鍋背板,1,
長期POP與陳列盒,賣場,,721824,饗喫鍋冷藏飾條(鍋料),1,
長期POP與陳列盒,賣場,,722840,饗喫鍋冷藏飾條(生鮮),1,
長期POP與陳列盒,賣場,,722850,饗喫鍋A3POP,1,
長期POP與陳列盒,賣場,,722964,饗喫鍋冷凍飾條,4,
長期POP與陳列盒,賣場,,722987,饗喫鍋冷凍靜貼,1,
長期POP與陳列盒,賣場,,722986,饗喫鍋冷藏+常溫天吊,1,
長期POP與陳列盒,賣場,,326620,國採天吊,1,
長期POP與陳列盒,賣場,,508430,OSC對未貼8,10,
長期POP與陳列盒,賣場,,346304,寵物專區頭卡,1,
長期POP與陳列盒,賣場,,346312,寵物專區天吊,1,
長期POP與陳列盒,賣場,,346321,寵物形象飾條,1,
長期POP與陳列盒,賣場,,463818,自動門靜貼,1,
長期POP與陳列盒,賣場,,173218,座位區顧客公約,1,
長期POP與陳列盒,賣場,,309315,7-ELEVEN限定販售側招,1,
長期POP與陳列盒,賣場,,742757,低溫警告標示牌,1,
長期POP與陳列盒,賣場,,332530,臥室冰箱上方燈箱POP,1,
長期POP與陳列盒,賣場,,346967,酒品專區-立式冰箱靜貼,1,
長期POP與陳列盒,賣場,,347187,酒品專區-貨架方形小側招,1,
長期POP與陳列盒,賣場,,645703,國際精品特惠價側招飾條,1,
長期POP與陳列盒,賣場,,529801,全球精選暢銷品側招+飾條,1,
長期POP與陳列盒,賣場,,526042,ENB冷藏冰箱大側招,1,
長期POP與陳列盒,賣場,,742760,國採專櫃新型貨架POP,1,
長期POP與陳列盒,賣場,,365321,i珍食小側招,1,
長期POP與陳列盒,賣場,,722965,饗喫鍋冷藏+常溫天吊,1,
長期POP與陳列盒,櫃台,,628869,遵守販賣菸品3步驟,1,
長期POP與陳列盒,櫃台,,344953,酒香菸警語櫃檯區廢四,2,
長期POP與陳列盒,櫃台,,741552,金庫管理靜貼,1,
長期POP與陳列盒,櫃台,,471964,禁止挪用週轉金(收銀機提醒),3,
長期POP與陳列盒,櫃台,,472057,禁止挪用週轉金-金庫提醒,2,
長期POP與陳列盒,櫃台,,742168,請在此等候結帳地貼-長形/圓形,1,
長期POP與陳列盒,櫃台,,518750,自助結帳收銀機台上方POP,1,
長期POP與陳列盒,櫃台,,463999,募款箱封條貼紙,1,
長期POP與陳列盒,櫃台,,302906,櫃檯區-暫停服務及自助結帳立牌,1,
長期POP與陳列盒,櫃台,,989543,外送服務靜貼,1,
長期POP與陳列盒,櫃台,,360025,櫃臺區-皮包放置處貼紙,1,
長期POP與陳列盒,廁所,,302948,廁所告示,1,
長期POP與陳列盒,廁所,,492625,如廁後請洗手,1,
長期POP與陳列盒,廁所,,173221,化妝室使用公約,1,
長期POP與陳列盒,廁所,,715443,廁所吸毒舉報,1,
長期POP與陳列盒,廁所,,473963,廁所貼心提醒貼紙,2,
長期POP與陳列盒,廁所,,300309,緊急求救鈴貼紙,2,
長期POP與陳列盒,廁所,,300444,廁所請勿重壓貼,1,
長期POP與陳列盒,廁所,,300670,廁所注意事項貼,1,
長期POP與陳列盒,廁所,,742029,廁所清潔表,1,
長期POP與陳列盒,ibon事務,,767294,ibon行動電源機台POP,1,
長期POP與陳列盒,ibon事務,,484970,事務機面板操作貼紙,1,
長期POP與陳列盒,ibon事務,,508663,ibon機台卡片感應區貼紙,1,
長期POP與陳列盒,ibon事務,,989695,事務機價格貼紙,1,
長期POP與陳列盒,自助區,,334523,夾子貼紙,1,
長期POP與陳列盒,自助區,,464274,熱狗、包子、茶葉蛋夾子,1,
長期POP與陳列盒,自助區,,464288,高溫請小心,0,
長期POP與陳列盒,自助區,,464181,熱狗品告知牌,1,
長期POP與陳列盒,自助區,,517995,茶葉蛋鍋蓋預煮告知靜貼,1,
長期POP與陳列盒,自助區,,517102,茶葉蛋掀蓋告知靜貼,1,
長期POP與陳列盒,自助區,,365946,機器上蓋隨手蓋上POP,12,
長期POP與陳列盒,自助區,,990482,關東煮量杯貼紙,1,
長期POP與陳列盒,自助區,,492078,熱水機貼紙(4種),1,
長期POP與陳列盒,自助區,,464521,微波按鍵貼紙+牛奶,5,
長期POP與陳列盒,自助區,,372883,掃描式微波爐(掃描區),8,
長期POP與陳列盒,自助區,,372895,掃描式微波爐(商品),8,
長期POP與陳列盒,自助區,,372893,(新)掃描式微波爐門貼,10,
長期POP與陳列盒,自助區,,302647,微波爐使用立牌,2,
長期POP與陳列盒,自助區,,318674,爆米花操作,1,
長期POP與陳列盒,自助區,,373288,器具消毒安心公告,10,
長期POP與陳列盒,自助區,,433800,關東煮形象頭卡(夏),1,
長期POP與陳列盒,自助區,,433849,滷味形象頭卡(夏),1,
長期POP與陳列盒,自助區,,433917,麻辣燙形象頭卡(夏),1,
長期POP與陳列盒,自助區,,432234,茶葉蛋形象頭卡(夏),1,
長期POP與陳列盒,自助區,,433840,大亨堡形象頭卡(夏),1,
長期POP與陳列盒,自助區,,433890,蒸地瓜形象頭卡(夏),1,
長期POP與陳列盒,自助區,,323181,地瓜下方價格,1,
長期POP與陳列盒,自助區,,355265,現蒸地瓜上方POP,1,
長期POP與陳列盒,自助區,,355266,地瓜磅秤靜貼,1,
長期POP與陳列盒,自助區,,492081,調味料插條,1,
長期POP與陳列盒,自助區,,613001,現烤地瓜春夏版形象頭卡,1,
長期POP與陳列盒,自助區,,780635,春夏版所長茶葉蛋形象頭卡,1,
長期POP與陳列盒,自助區,,464275,熱狗夾包子茶葉蛋夾,1,
長期POP與陳列盒,自助區,,477323,開水機POP(自助區用),1,
長期POP與陳列盒,自助區,,337343,所長茶葉蛋鍋靜貼,1,
長期POP與陳列盒,自助區,,540845,所長茶葉蛋價格靜貼,1,
長期POP與陳列盒,自助區,,730915,蒸玉米價格貼,1,
長期POP與陳列盒,自助區,,733106,蒸玉米形象背板,1,
長期POP與陳列盒,自助區,,336747,茶葉蛋價格靜貼,1,
長期POP與陳列盒,自助區,,325905,所長茶葉蛋鍋圍邊,1,
長期POP與陳列盒,自助區,,464301,關東煮預煮高溫告知卡,1,
長期POP與陳列盒,自助區,,731039,蒸玉米鍋上字貼,1,
長期POP與陳列盒,自助區,,372873,(新)掃描式微波爐立牌,1,
長期POP與陳列盒,自助區,,464534,微波爐使用方法(張),1,
長期POP與陳列盒,EC,,337458,交貨便劑寄取件表準說明,1,
長期POP與陳列盒,EC,,333166,EC櫃錄影告知,1,
長期POP與陳列盒,EC,,6433,EC收納字貼(A1~A5至J1~J5),1,
長期POP與陳列盒,EC,,762055,自取門市英文字貼A-J,1,
長期POP與陳列盒,EC,,464097,安心取(非自取門市使用),1,
長期POP與陳列盒,EC,,321079,跨境包裹疑似詐騙處理流程,1,
長期POP與陳列盒,座位區,,302951,托盤式顧客公約,10,
長期POP與陳列盒,座位區,,366048,定期消毒敬請安心使用座貼,10,
長期POP與陳列盒,座位區,,721683,禁止飲食座位區貼紙,8,
長期POP與陳列盒,座位區,,300227,插座警語貼紙,2,
長期POP與陳列盒,倉庫,,6310,冰箱上方勿堆雜物,1,
長期POP與陳列盒,倉庫,,6404,偵測器保持開啟,1,
長期POP與陳列盒,倉庫,,492544,門市檔案標籤,5,
長期POP與陳列盒,倉庫,,742090,捕貨時門關上貼紙,1,
長期POP與陳列盒,倉庫,,742100,冷氣溫度設定26~28度,1,
長期POP與陳列盒,倉庫,,742087,隨手關燈貼紙,1,
長期POP與陳列盒,倉庫,,882727,監視器嚴禁私自翻拍警語,1,
長期POP與陳列盒,倉庫,,492612,門市採訪注意說明,1,
長期POP與陳列盒,倉庫,,497639,鮮速食冰箱異常提醒,2,
長期POP與陳列盒,倉庫,,319967,你的聲音我們在乎,1,
長期POP與陳列盒,倉庫,,323861,緊急通報警語警語貼紙,1,
長期POP與陳列盒,倉庫,,485845,門市設備設施保養點檢,1,
長期POP與陳列盒,倉庫,,492609,商品允收期限海報,1,
長期POP與陳列盒,倉庫,,492573,服裝儀容,1,
長期POP與陳列盒,倉庫,,989394,門市現金管理機制,1,
長期POP與陳列盒,倉庫,,547570,監視器機箱谁上所提醒,1,
長期POP與陳列盒,倉庫,,492654,14大門是交易觸法提醒,1,
長期POP與陳列盒,倉庫,,492531,五大話術與上班守則,1,
長期POP與陳列盒,倉庫,,492528,企業文化,1,
長期POP與陳列盒,倉庫,,322981,倉庫內錄影中,1,
長期POP與陳列盒,倉庫,,451218,性騷擾防治海報,1,
長期POP與陳列盒,倉庫,,552145,門市招募懶人包,1,
長期POP與陳列盒,倉庫,,24301,門市倉庫宣導A4POP,1,
長期POP與陳列盒,倉庫,,463889,人事徵人POP(open),1,
長期POP與陳列盒,倉庫,,321829,台車不閒置擺放賣場警語貼紙,1,
長期POP與陳列盒,倉庫,,6417,勿私接延長線,1,
長期POP與陳列盒,OPEN!IP肖像,,365362,OPEN PLAZA 90cm貨架飾條,1,
長期POP與陳列盒,OPEN!IP肖像,,365337,OPEN PLAZA 90cm貨架背板,1,
長期POP與陳列盒,OPEN!IP肖像,,349804,OPEN PLAZA側招-肖像食飲專區,1,
長期POP與陳列盒,OPEN!IP肖像,,318224,OPEN PLAZA 60cm貨架飾條,1,
長期POP與陳列盒,OPEN!IP肖像,,539034,OPEN!PLAZA中島6台頭卡,1,
長期POP與陳列盒,OPEN!IP肖像,,318040,OPEN PLAZA 60cm貨架背板,1,
長期POP與陳列盒,OPEN!IP肖像,,349876,OPEN PLAZA飾條-肖像食飲專區,1,
隔板與省力工具,省力化工具,支撐架,376574,輔助易倒支撐架,10入/包,易倒輔助(訂1來10)
隔板與省力工具,隔板工具,T型隔板,332840,8cm T型隔板,單入,8cm規格
隔板與省力工具,隔板工具,T型隔板,304670,6cm T型隔板,10入/包,T隔(訂1來10)，主配約320個
隔板與省力工具,隔板工具,L/邊型隔板,315285,6cm 左型隔板,5入/包,左隔(訂1來5)，主配約65個
隔板與省力工具,隔板工具,L/邊型隔板,315288,6cm 右型隔板,5入/包,右隔(訂1來5)，主配約65個
隔板與省力工具,安全防盜,防盜鎖,370607,防盜鎖,個,門市後台訂購
隔板與省力工具,安全防盜,防盜扣,370609,防盜扣,個,門市後台訂購
門市自用品,包裝提袋與寄件,,003171,購物紙袋-平口(50入),1,
門市自用品,咖啡與現調飲品,,003281,台新咖啡機共用長柄刷,1,
門市自用品,咖啡與現調飲品,,003375,citycafe專用電子秤,1,
門市自用品,咖啡與現調飲品,,003472,citycafe保溫壺,1,
門市自用品,陳列道具與五金,,003485,立式冰箱陳列籃(小),1,
門市自用品,陳列道具與五金,,003582,立式冰箱陳列籃(大),1,
門市自用品,熟食調理與餐具,,003838,關東煮機專用小米血盒,1,
門市自用品,陳列道具與五金,,003841,新式雨傘架,1,
門市自用品,咖啡與現調飲品,,003896,Citycafe電子溫度計,1,
門市自用品,其他門市耗材,,005966,噴霧器-噴頭,1,
門市自用品,事務設備與安全,,006006,3kg自動秤,1,
門市自用品,陳列道具與五金,,006077,沙拉醬包陳列盒4入,1,
門市自用品,標籤告示與宣傳,,094302,59cm冰箱貼式平面飾條,1,
門市自用品,熟食調理與餐具,,094357,心熱園火爐布,1,
門市自用品,熟食調理與餐具,,094360,IH關東煮機專用鋼杯,1,
門市自用品,標籤告示與宣傳,,094409,88cm冰箱貼式平面飾條,1,
門市自用品,熟食調理與餐具,,094467,IH關東煮機專用鋼杯框,1,
門市自用品,標籤告示與宣傳,,094551,白繽紛樂壓克力插卡,1,
門市自用品,陳列道具與五金,,094616,休閒.泡麵補貨車輪子(有煞車),1,
門市自用品,清潔消毒與環衛,,094687,瑞德蟻蟑凝膠餌劑,1,
門市自用品,陳列道具與五金,,094713,休閒.泡麵補貨車輪子(無煞車),1,
門市自用品,清潔消毒與環衛,,094836,細縫清潔棒,1,
門市自用品,清潔消毒與環衛,,094933,細縫清潔棒更換套,1,
門市自用品,清潔消毒與環衛,,095031,細縫清潔棒把手,1,
門市自用品,熟食調理與餐具,,095057,熱狗機左邊紅圍板(面對熱狗機),1,
門市自用品,包裝提袋與寄件,,095138,POP不殘膠雙面膠帶,1,
門市自用品,熟食調理與餐具,,095154,熱狗機右邊紅圍板(面對熱狗機),1,
門市自用品,咖啡與現調飲品,,095248,咖啡豆槽到期時間鐘,1,
門市自用品,熟食調理與餐具,,095251,關東煮墊高架,1,
門市自用品,熟食調理與餐具,,114606,HR30熱狗告知卡架,1,
門市自用品,陳列道具與五金,,120951,大鋁梯(高6尺),1,
門市自用品,事務設備與安全,,121347,急救箱,1,
門市自用品,其他門市耗材,,128742,冷藏棉衣L,1,
門市自用品,陳列道具與五金,,129044,13 L型隔板(28公分),1,
門市自用品,陳列道具與五金,,129057,14 L型隔板(43公分),1,
門市自用品,陳列道具與五金,,129060,12 L型隔板(13.8公分),1,
門市自用品,清潔消毒與環衛,,146694,09洗廁刷,1,
門市自用品,清潔消毒與環衛,,146704,10馬桶吸及,1,
門市自用品,清潔消毒與環衛,,149079,11抹布( 3 片/包),1,
門市自用品,清潔消毒與環衛,,149082,12菜瓜布,1,
門市自用品,清潔消毒與環衛,,149121,地板刷頭,1,
門市自用品,清潔消毒與環衛,,149150,地板刷柄,1,
門市自用品,其他門市耗材,,157698,解凍箱,1,
門市自用品,包裝提袋與寄件,,186683,紙袋盒,1,
門市自用品,熟食調理與餐具,,188135,熱狗透明插座,1,
門市自用品,清潔消毒與環衛,,192666,3M強力除膠清潔劑,1,
門市自用品,清潔消毒與環衛,,196288,蟑螂偵測屋(10入),1,
門市自用品,熟食調理與餐具,,196301,HR20熱狗機防塵蓋,1,
門市自用品,熟食調理與餐具,,196327,HR-31熱狗機防塵蓋主體+掀板,1,
門市自用品,包裝提袋與寄件,,196343,外送提袋,1,
門市自用品,清潔消毒與環衛,,196385,上點必蟑蟑愛(滅蟑餌劑),1,
門市自用品,標籤告示與宣傳,,196408,Motex標價機專用墨球,1,
門市自用品,咖啡與現調飲品,,196482,消毒清潔用量水杯(3L),1,
門市自用品,陳列道具與五金,,196505,座位區壓克力告知,1,
門市自用品,咖啡與現調飲品,,196534,愛惠浦 PF-101 PP濾芯,1,
門市自用品,咖啡與現調飲品,,196547,CITYCAFE專用量杯,1,
門市自用品,清潔消毒與環衛,,196589,無煙灰缸垃圾桶-桶蓋,1,
門市自用品,咖啡與現調飲品,,196615,思樂冰機清潔專用刷,1,
門市自用品,陳列道具與五金,,196699,滅火器放置架名牌,1,
門市自用品,陳列道具與五金,,196725,禮盒陳列金色布巾,1,
門市自用品,陳列道具與五金,,211257,硬幣計算整理盒,1,
門市自用品,事務設備與安全,,247951,自用A4影印紙(POS印表機專用),1,
門市自用品,標籤告示與宣傳,,253934,POP 吊旗組掛勾２入,1,
門市自用品,標籤告示與宣傳,,255392,POP 吊旗組紙桿,1,
門市自用品,標籤告示與宣傳,,260840,POP鐵線夾,1,
門市自用品,熟食調理與餐具,,261207,熱狗機HR30紅色圍板(大台),1,
門市自用品,熟食調理與餐具,,288187,國際牌微波爐燈泡,1,
門市自用品,熟食調理與餐具,,288190,國際牌微波爐上蓋板,1,
門市自用品,熟食調理與餐具,,288226,熱狗機掀板(HR30.HR31共用),1,
門市自用品,熟食調理與餐具,,288239,HR30熱狗機防塵蓋,1,
門市自用品,熟食調理與餐具,,291374,國際牌微波爐門內視窗,1,
門市自用品,熟食調理與餐具,,295925,關東煮機 L 板告知座,1,
門市自用品,陳列道具與五金,,301737,不銹鋼夾具,1,
門市自用品,包裝提袋與寄件,,302282,業務用其他空瓶回收袋(包/20入),1,
門市自用品,包裝提袋與寄件,,302283,業務用鮮乳空瓶回收袋(包/20入),1,
門市自用品,標籤告示與宣傳,,302503,桃太郎旗橫桿,1,
門市自用品,陳列道具與五金,,304670,6cmT型隔板10入,1,
門市自用品,陳列道具與五金,,305048,OPEN 小將 壓克力A,1,
門市自用品,熟食調理與餐具,,305815,塑膠調味調料盤,1,
門市自用品,事務設備與安全,,306706,預熱層告知卡,1,
門市自用品,標籤告示與宣傳,,309221,滷味桃太郎旗,1,
門市自用品,清潔消毒與環衛,,309822,掃把,1,
門市自用品,清潔消毒與環衛,,309835,拖把座(特大),1,
門市自用品,其他門市耗材,,309851,畚斗,1,
門市自用品,陳列道具與五金,,313620,8公分價格夾(3入),1,
門市自用品,陳列道具與五金,,315285,6CML 左型隔板5入,1,
門市自用品,陳列道具與五金,,315288,6CM 右L隔板5入,1,
門市自用品,陳列道具與五金,,315569,open小將外帶手提紙盒,1,
門市自用品,陳列道具與五金,,319359,櫃檯小竹籃,1,
門市自用品,其他門市耗材,,319886,抽取式衛生紙270抽(包),1,
門市自用品,包裝提袋與寄件,,322205,Open將紙袋(特大)-10個/束,1,
門市自用品,包裝提袋與寄件,,324755,36mm門市自用膠帶,1,
門市自用品,包裝提袋與寄件,,324797,36mm膠帶專用切割器,1,
門市自用品,包裝提袋與寄件,,324959,12mm門市自用膠帶(2入),1,
門市自用品,標籤告示與宣傳,,325913,51cm雙層飾條,1,
門市自用品,標籤告示與宣傳,,325923,59cm雙層飾條,1,
門市自用品,標籤告示與宣傳,,325932,88cm雙層飾條,1,
門市自用品,陳列道具與五金,,332785,88CM貨架透明前擋板,1,
門市自用品,陳列道具與五金,,332840,8cmT型隔板10入,1,
門市自用品,咖啡與現調飲品,,335989,台新SOUL/ART咖啡機藥粉+大藥錠,1,
門市自用品,標籤告示與宣傳,,339172,人力招募桃太郎旗,1,
門市自用品,包裝提袋與寄件,,343382,OPEN NOW紙袋(50入),1,
門市自用品,包裝提袋與寄件,,345054,開心市集購物提袋(50入),1,
門市自用品,其他門市耗材,,345613,ibon收據專用紙捲1入,1,
門市自用品,咖啡與現調飲品,,348402,抗菌增效抹布(咖啡色2入),1,
門市自用品,標籤告示與宣傳,,348855,桃太郎旗座(12L)上蓋,1,
門市自用品,其他門市耗材,,349778,萬用紙巾(30包/箱),1,
門市自用品,其他門市耗材,,349798,不銹鋼杯-700ml,1,
門市自用品,其他門市耗材,,350127,昭惠醫用口罩(未滅菌)50入,1,
門市自用品,標籤告示與宣傳,,352770,桃太郎旗方捲旗扣(5入),1,
門市自用品,熟食調理與餐具,,352821,茶葉蛋桃太郎旗,1,
門市自用品,陳列道具與五金,,353171,OPEN NOW手機架,1,
門市自用品,陳列道具與五金,,353986,門市用餐區托盤,1,
門市自用品,標籤告示與宣傳,,355192,62cm冷藏冷凍冰箱雙層飾條,1,
門市自用品,咖啡與現調飲品,,359252,精品咖啡新形象外橫布條,1,
門市自用品,包裝提袋與寄件,,359827,3M不殘膠雙面膠帶,1,
門市自用品,清潔消毒與環衛,,360185,自動感應手指消毒機,1,
門市自用品,其他門市耗材,,361543,大捲筒衛生紙300M(12入/箱),1,
門市自用品,咖啡與現調飲品,,361925,精品咖啡花香升級橫布條,1,
門市自用品,陳列道具與五金,,365075,彈簧掛勾,1,
門市自用品,其他門市耗材,,365949,資源回收筒-蓋子,1,
門市自用品,陳列道具與五金,,369023,壓克力牌架(2入)-多拿滋/聖娜用,1,
門市自用品,陳列道具與五金,,370607,防盜掛鎖(1個),1,
門市自用品,陳列道具與五金,,370609,防盜掛扣(5個),1,
門市自用品,陳列道具與五金,,370666,三孔(有耳)圓型夾 R840 黑,1,
門市自用品,陳列道具與五金,,376574,易倒補助板(10入),1,
門市自用品,其他門市耗材,,377652,EC專用量尺,1,
門市自用品,包裝提袋與寄件,,377655,中型禮盒提袋(5入),1,
門市自用品,陳列道具與五金,,378420,雙溫層櫃-水果藤籃(2入),1,
門市自用品,標籤告示與宣傳,,379298,A4-POP多功能陳列板(1包5個),1,
門市自用品,標籤告示與宣傳,,379318,A3-POP多功能陳列板(1包3個),1,
門市自用品,咖啡與現調飲品,,386581,現萃茶夏季桃太郎旗,1,
門市自用品,咖啡與現調飲品,,394540,興日光M牌咖啡機藥粉+藥錠,1,
門市自用品,其他門市耗材,,394947,休閒.泡麵補貨車下管,1,
門市自用品,其他門市耗材,,398662,安全防護角墊,1,
門市自用品,清潔消毒與環衛,,399644,冷凍作業防護手套-M,1,
門市自用品,清潔消毒與環衛,,399684,冷凍作業防護手套-L,1,
門市自用品,陳列道具與五金,,399764,水果墊布,1,
門市自用品,清潔消毒與環衛,,400179,手持式吸塵器(門市自用),1,
門市自用品,陳列道具與五金,,405238,小鋁梯(3尺高),1,
門市自用品,標籤告示與宣傳,,406704,拍賣出清貼紙(3折),1,
門市自用品,標籤告示與宣傳,,406715,拍賣出清貼紙(7折),1,
門市自用品,標籤告示與宣傳,,406725,拍賣出清貼紙(5折),1,
門市自用品,陳列道具與五金,,407503,圓形飯糰椰栳列架,1,
門市自用品,咖啡與現調飲品,,407520,現萃茶桃太郎旗(冬季),1,
門市自用品,事務設備與安全,,408883,收銀機電子發票紙捲70M,1,
門市自用品,其他門市耗材,,411325,計時器,1,
門市自用品,其他門市耗材,,414795,Brother HL-L6400DW原廠碳粉匣,1,
門市自用品,咖啡與現調飲品,,416601,思樂冰桃太郎旗,1,
門市自用品,清潔消毒與環衛,,420925,75%清潔用酒精-500ml,1,
門市自用品,陳列道具與五金,,421173,糖果底層陳列道具,1,
門市自用品,標籤告示與宣傳,,421186,POPU型插座(含咬齒),1,
門市自用品,標籤告示與宣傳,,421199,POPT型插座(含咬齒),1,
門市自用品,標籤告示與宣傳,,428331,桃太郎灌水式旗座(10L),1,
門市自用品,陳列道具與五金,,428488,落地陳列箱(3入),1,
門市自用品,清潔消毒與環衛,,431613,櫃台後自用垃圾桶身,1,
門市自用品,清潔消毒與環衛,,431736,無煙灰缸垃圾桶-桶身,1,
門市自用品,清潔消毒與環衛,,431749,櫃台後自用垃圾桶蓋,1,
門市自用品,熟食調理與餐具,,432724,舊式關東煮機專用內鍋底板,1,
門市自用品,其他門市耗材,,439983,解凍箱(手提式),1,
門市自用品,其他門市耗材,,442219,新型募款箱,1,
門市自用品,咖啡與現調飲品,,448441,循環杯-專套袋(65cm)200入,1,
門市自用品,咖啡與現調飲品,,451057,循環杯封口膠帶綠色(食品級),1,
門市自用品,陳列道具與五金,,459143,卡通肖像專區紙架,1,
門市自用品,其他門市耗材,,462464,萬用去污液,1,
門市自用品,標籤告示與宣傳,,465853,foodomo_桃太郎旗(外送版),1,
門市自用品,包裝提袋與寄件,,470605,封口膠帶專用膠台(無筆筒座),1,
門市自用品,咖啡與現調飲品,,478428,霜淇淋桃太郎旗,1,
門市自用品,標籤告示與宣傳,,480950,貨架背板POP夾2入,1,
門市自用品,清潔消毒與環衛,,484395,商用型手壓拖把布盤,1,
門市自用品,清潔消毒與環衛,,484547,商用型手壓拖把組,1,
門市自用品,包裝提袋與寄件,,487193,退貨用束帶(100入),1,
門市自用品,清潔消毒與環衛,,487655,商用型手壓拖把架 (含一布盤),1,
門市自用品,熟食調理與餐具,,488684,非24H茶葉蛋專用小水壺,1,
門市自用品,標籤告示與宣傳,,493697,Motex標價機,1,
門市自用品,標籤告示與宣傳,,493707,Motex標價機紙卷,1,
門市自用品,其他門市耗材,,493859,POS收銀機色帶,1,
門市自用品,咖啡與現調飲品,,493998,量水杯(3L),1,
門市自用品,陳列道具與五金,,494038,文具架,1,
門市自用品,陳列道具與五金,,494070,懷酒瓶陳列架(窄貨架),1,
門市自用品,陳列道具與五金,,494478,新式紙巾盒,1,
門市自用品,清潔消毒與環衛,,496596,KAY-5 消毒粉20入/包,1,
門市自用品,標籤告示與宣傳,,501543,櫃檯區小桃太郎旗桿,1,
門市自用品,咖啡與現調飲品,,504711,咖啡攪拌棒盒,1,
門市自用品,標籤告示與宣傳,,505770,OPEN小將手搖扇(30入/束),1,
門市自用品,標籤告示與宣傳,,506204,67cm冷藏冷凍冰箱雙層飾條,1,
門市自用品,其他門市耗材,,516812,新式鹽度計,1,
門市自用品,包裝提袋與寄件,,519539,防燙隔熱紙板150個,1,
門市自用品,清潔消毒與環衛,,520319,75%清潔用酒精-4L,1,
門市自用品,熟食調理與餐具,,524520,關東煮桃太郎旗,1,
門市自用品,標籤告示與宣傳,,525853,CITYPEARL珍珠奶茶桃太郎旗,1,
門市自用品,清潔消毒與環衛,,527545,加強型門市清潔劑,1,
門市自用品,標籤告示與宣傳,,527558,可調式價格卡,1,
門市自用品,陳列道具與五金,,531648,塑膠收納杯架(注塑杯架),1,
門市自用品,清潔消毒與環衛,,532873,新型手壓拖把(桿),1,
門市自用品,清潔消毒與環衛,,532886,新型手壓拖把(布面圓盤),1,
門市自用品,清潔消毒與環衛,,532899,新型手壓拖把(布面-2入),1,
門市自用品,清潔消毒與環衛,,532925,新型手壓拖把(組),1,
門市自用品,事務設備與安全,,533725,客情服務卡200入,1,
門市自用品,熟食調理與餐具,,533845,自助區陳列線架(紙碗架),1,
門市自用品,陳列道具與五金,,533890,醬料盒(短型),1,
門市自用品,其他門市耗材,,533926,塑膠底盤,1,
門市自用品,陳列道具與五金,,533939,刀叉盒,1,
門市自用品,陳列道具與五金,,533955,兩分槽,1,
門市自用品,陳列道具與五金,,533968,拉麵架檔板,1,
門市自用品,標籤告示與宣傳,,533992,缺貨價格卡(100入),1,
門市自用品,陳列道具與五金,,534024,自助區陳列線架(拉麵架),1,
門市自用品,包裝提袋與寄件,,534105,自助區陳列架(紙袋架),1,
門市自用品,熟食調理與餐具,,534749,自助區陳列線架(湯匙架),1,
門市自用品,陳列道具與五金,,534752,自助區陳列線架(夾具架),1,
門市自用品,事務設備與安全,,535746,回收確認單20入,1,
門市自用品,其他門市耗材,,536111,LED-10W燈泡(黃光),1,
門市自用品,其他門市耗材,,536117,LED-10W燈泡(白光),1,
門市自用品,其他門市耗材,,536357,Brother升級機6415DW原廠碳粉匣,1,
門市自用品,陳列道具與五金,,537229,糖果陳列盒,1,
門市自用品,標籤告示與宣傳,,537357,桃太郎旗8吋伸縮直式旗桿,1,
門市自用品,其他門市耗材,,537467,塑膠(黑色四輪)補貨台車,1,
門市自用品,其他門市耗材,,537470,桃太郎日式壁掛式(壁叉),1,
門市自用品,熟食調理與餐具,,537553,500g地瓜磅秤,1,
門市自用品,清潔消毒與環衛,,537577,莊臣潔效600除油清潔劑(1加侖),1,
門市自用品,陳列道具與五金,,537629,DHC壓克力陳列架(小),1,
門市自用品,包裝提袋與寄件,,537632,禮盒提袋(5入),1,
門市自用品,熟食調理與餐具,,537661,關東煮透明PC防塵蓋,1,
門市自用品,熟食調理與餐具,,537674,關東煮防塵蓋卡榫,1,
門市自用品,咖啡與現調飲品,,537726,各型咖啡機通用大中小刷子組,1,
門市自用品,熟食調理與餐具,,537755,舊式關東煮機專用不銹鋼外框,1,
門市自用品,熟食調理與餐具,,538099,熱狗機HR-20紅色圍板(小台),1,
門市自用品,陳列道具與五金,,538468,塑膠(黑色四輪)補貨台車輪子,1,
門市自用品,陳列道具與五金,,538646,7-11新式購物籃,1,
門市自用品,熟食調理與餐具,,538714,門市試吃道具-多功能剪刀,1,
門市自用品,熟食調理與餐具,,538727,門市試吃道具-圓頭鋸齒刀,1,
門市自用品,熟食調理與餐具,,538730,門市試吃道具-NSF白色砧板,1,
門市自用品,熟食調理與餐具,,538743,門市試吃道具-PC耐摔材質透明罩,1,
門市自用品,熟食調理與餐具,,538756,門市試吃道具客制化圓形展示托盤,1,
門市自用品,熟食調理與餐具,,538769,門市試吃道具-長方形托盤,1,
門市自用品,陳列道具與五金,,538840,塑膠防潮板2入,1,
門市自用品,清潔消毒與環衛,,539087,附TEFLON煙灰缸垃圾桶-筒蓋,1,
門市自用品,其他門市耗材,,546993,飲料承重車下管,1,
門市自用品,其他門市耗材,,547004,飲料承重車煞車輪,1,
門市自用品,其他門市耗材,,547130,飲料承重車車輪(無煞車),1,
門市自用品,其他門市耗材,,547143,飲料承重車(整台),1,
門市自用品,其他門市耗材,,547156,休閒.泡麵補貨承重車(整台),1,
門市自用品,陳列道具與五金,,547666,鋼製櫃台抽屜滑輪(五金),1,
門市自用品,熟食調理與餐具,,553608,關東煮木框,1,
門市自用品,標籤告示與宣傳,,563055,茶BAR桃旗有料更好喝0318,1,
門市自用品,咖啡與現調飲品,,565456,3M AP100前置濾芯,1,
門市自用品,陳列道具與五金,,565625,18格筆架,1,
門市自用品,事務設備與安全,,574426,10型滅火器性能檢測換藥,1,
門市自用品,事務設備與安全,,574458,20型滅火器性能檢測換藥,1,
門市自用品,咖啡與現調飲品,,574856,精品咖啡桃太郎旗,1,
門市自用品,陳列道具與五金,,579050,電子票證架前架螺絲(內附4組),1,
門市自用品,陳列道具與五金,,579054,電子票證C型掛勾(2入)附價格牌白,1,
門市自用品,陳列道具與五金,,579163,電子票證C型掛勾(2入)附價格牌咖,1,
門市自用品,標籤告示與宣傳,,579167,電子票證上方價格飾條(背膠),1,
門市自用品,其他門市耗材,,580382,擦手紙(20入/箱),1,
門市自用品,事務設備與安全,,586028,L740商用脫水桶(單件),1,
門市自用品,陳列道具與五金,,589198,流行玩具陳列盒,1,
門市自用品,包裝提袋與寄件,,589850,手機/電池/光碟/充電回收袋20入,1,
門市自用品,咖啡與現調飲品,,591289,大人思樂冰陳列盒,1,
門市自用品,咖啡與現調飲品,,593345,ES咖啡機清潔藥球,1,
門市自用品,標籤告示與宣傳,,605450,天素地義綠色空白價格卡,1,
門市自用品,咖啡與現調飲品,,609590,台新咖啡機加大藥錠+藥粉組,1,
門市自用品,標籤告示與宣傳,,610005,門市自訂價格卡POP-A4全張,1,
門市自用品,標籤告示與宣傳,,610007,門市自訂價格卡POP-A4四大張,1,
門市自用品,咖啡與現調飲品,,613137,愛惠浦前置濾芯(PF-101)溝槽式,1,
門市自用品,包裝提袋與寄件,,616616,廢筆電回收袋5入(透明袋),1,
門市自用品,陳列道具與五金,,624560,吊掛架壓克力棚板,1,
門市自用品,陳列道具與五金,,624567,吊掛架壓克力棚板專用掛勾,1,
門市自用品,標籤告示與宣傳,,632515,i珍食8折/65折貼標,1,
門市自用品,標籤告示與宣傳,,634051,冷凍陳列盒飾條(1入/組)-68公分,1,
門市自用品,陳列道具與五金,,637721,冷凍陳列盒(2入/組),1,
門市自用品,標籤告示與宣傳,,637730,冷凍陳列盒飾條(1入/組)-58公分,1,
門市自用品,標籤告示與宣傳,,637734,冷凍陳列盒飾條(1入/組)-63公分,1,
門市自用品,熟食調理與餐具,,641807,珍珠微波容器,1,
門市自用品,清潔消毒與環衛,,643588,抗菌增效抹布(藍色2入),1,
門市自用品,包裝提袋與寄件,,660881,廚餘回收袋-本色30入,1,
門市自用品,標籤告示與宣傳,,662944,晴FUN機專用(空白價格卡),1,
門市自用品,咖啡與現調飲品,,666099,CITY CAFE特選咖啡桃太郎旗,1,
門市自用品,陳列道具與五金,,666131,熱壓吐司用-矽膠料理夾,1,
門市自用品,包裝提袋與寄件,,669644,HDPE超大垃圾袋30入/包,1,
門市自用品,其他門市耗材,,672634,塑膠(對角煞車)補貨台車,1,
門市自用品,其他門市耗材,,672694,塑膠補貨台車-煞車輪,1,
門市自用品,包裝提袋與寄件,,696866,交貨便ibon貼紙捲一入(北區),1,
門市自用品,標籤告示與宣傳,,699571,46公分雙層飾條,1,
門市自用品,清潔消毒與環衛,,702570,垃圾整理專用夾,1,
門市自用品,包裝提袋與寄件,,703677,交貨便ibon貼紙捲(南區)一入,1,
門市自用品,事務設備與安全,,711277,放大鏡片-含掛繩(3組),1,
門市自用品,陳列道具與五金,,722900,4台以上門市辦公文具壓克力架,1,
門市自用品,咖啡與現調飲品,,726645,ES咖啡機清潔藥球〈新包裝〉,1,
門市自用品,陳列道具與五金,,731026,易倒轉補助板(寬版10入),1,
門市自用品,咖啡與現調飲品,,750715,CITYCAFE特選升級桃太郎旗,1,
門市自用品,咖啡與現調飲品,,757595,ES牌三豆槽牛奶清潔藥錠,1,
門市自用品,咖啡與現調飲品,,759986,咖啡機通用大中小刷子組（新）,1,
門市自用品,陳列道具與五金,,770900,冰品海島櫃隔板（6入）,1,
門市自用品,標籤告示與宣傳,,774454,吊掛架標價牌-16入(破損遺失用),1,
門市自用品,陳列道具與五金,,774940,斜角吊掛架單支2入-破損遺失用,1,
門市自用品,陳列道具與五金,,774953,平式吊掛架/單支2入-破損遺失用,1,
門市自用品,咖啡與現調飲品,,778750,咖酷咖啡系統清洗藥球,1,
門市自用品,咖啡與現調飲品,,778751,咖酷牛奶系統清洗藥錠,1,
門市自用品,陳列道具與五金,,793785,掛勾用價格牌10入(國採),1,
門市自用品,陳列道具與五金,,794123,杯湯新式壓克力架,1,
門市自用品,陳列道具與五金,,797223,"(3L,4L)舒適三層刮鬍刀陳列架",1,
門市自用品,清潔消毒與環衛,,805692,廁所專用垃圾桶-35L,1,
門市自用品,包裝提袋與寄件,,807982,廁所垃圾袋(50入/包),1,
門市自用品,其他門市耗材,,808707,折疊止滑友善椅,1,
門市自用品,清潔消毒與環衛,,816488,廁所專用垃圾桶-46L,1,
門市自用品,陳列道具與五金,,819227,可搖動式掛勾(含價格牌),1,
門市自用品,包裝提袋與寄件,,822273,鋼製櫃台粉紅色垃圾袋50入,1,
門市自用品,標籤告示與宣傳,,835383,i珍食優惠貼紙(65折),1,
門市自用品,陳列道具與五金,,842853,折疊式禮盒架陳列布,1,
門市自用品,清潔消毒與環衛,,856874,TPE拋棄式手套 (寬13cm),1,
門市自用品,清潔消毒與環衛,,856878,TPE拋棄式手套 (寬12.3cm),1,
門市自用品,事務設備與安全,,881373,單面投光式緊急出口燈,1,
門市自用品,陳列道具與五金,,881496,博客Q肉丁壓克力陳列盒,1,
門市自用品,包裝提袋與寄件,,881535,7-11速食垃圾袋-藍50入/包,1,
門市自用品,標籤告示與宣傳,,881658,空白價格卡(一包20張),1,
門市自用品,標籤告示與宣傳,,881687,open小將氣球+球桿(100入),1,
門市自用品,熟食調理與餐具,,881690,茶葉蛋鍋墊(每店一個),1,
門市自用品,熟食調理與餐具,,881739,關東煮調理勺(黑柄),1,
門市自用品,咖啡與現調飲品,,881742,citycafe圍裙-L號(加長),1,
門市自用品,標籤告示與宣傳,,881784,地滑警示牌,1,
門市自用品,咖啡與現調飲品,,881807,CITYCAFE圍裙(M),1,
門市自用品,陳列道具與五金,,881904,A4資料板夾,1,
門市自用品,事務設備與安全,,881962,10型ABC滅火器(1入),1,
門市自用品,標籤告示與宣傳,,882002,貨架POP夾,1,
門市自用品,陳列道具與五金,,882057,短S掛勾(Walk-in用)4入,1,
門市自用品,事務設備與安全,,882060,20型ABC滅火器,1,
門市自用品,熟食調理與餐具,,882141,關東煮隔板固定條,1,
門市自用品,陳列道具與五金,,882154,長S掛勾(Walk-in用)4入,1,
門市自用品,事務設備與安全,,882167,緊急照明燈,1,
門市自用品,陳列道具與五金,,882206,掛勾(6入裝),1,
門市自用品,熟食調理與餐具,,882219,IH關東煮機專用配件(組),1,
門市自用品,事務設備與安全,,882264,1:1LED單面緊急出口燈,1,
門市自用品,陳列道具與五金,,882280,滅火器放置架(1入),1,
門市自用品,其他門市耗材,,882293,束繩(銀灰色),1,
門市自用品,其他門市耗材,,882303,防倒得力粘(1片),1,
門市自用品,標籤告示與宣傳,,882329,SN8636標價夾,1,
門市自用品,包裝提袋與寄件,,893742,寶特瓶回收袋-黃色25入,1,
門市自用品,標籤告示與宣傳,,898582,結帳地貼-排除停等線(長形),1,
門市自用品,標籤告示與宣傳,,898604,結帳地貼-排除等候區(圓形),1,
門市自用品,標籤告示與宣傳,,899323,結帳地貼-排除指導標(箭頭),1,
門市自用品,咖啡與現調飲品,,916429,CITY PRIMA精品咖啡櫥窗掛軸,1,
門市自用品,事務設備與安全,,933218,EC專用電子秤,1,
門市自用品,包裝提袋與寄件,,946062,瓶裝商品禮盒提袋(5入),1,
門市自用品,咖啡與現調飲品,,951605,精品咖啡戶外主題海報,1,
門市自用品,標籤告示與宣傳,,966986,防水時間貼紙,1,
門市自用品,熟食調理與餐具,,972088,茶葉蛋玻璃鍋蓋,1,
門市自用品,熟食調理與餐具,,537603,筷子100入,1,
門市自用品,咖啡與現調飲品,,807984,10mm*100支 粗吸管,1,
門市自用品,咖啡與現調飲品,,576134,6mm PLA一般細吸管,1,
門市自用品,咖啡與現調飲品,,711624,養樂多吸管100支,1,
門市自用品,其他門市耗材,,121431,紙巾36包,1,
門市自用品,熟食調理與餐具,,339449,甜點湯匙,1,
門市自用品,熟食調理與餐具,,618965,甜點/冰品湯匙(長),1,
門市自用品,熟食調理與餐具,,882411,叉子100入(減塑),1,
門市自用品,熟食調理與餐具,,566819,塑膠湯匙口湯匙100入(減塑),1,
門市自用品,事務設備與安全,,408883,電子發票紙捲70M*30,1,
門市自用品,事務設備與安全,,247951,後台POS用報表紙,1,
門市自用品,其他門市耗材,,414795,Brother 碳粉匣(新式),1,
門市自用品,包裝提袋與寄件,,192666,3M膠帶,1,
門市自用品,其他門市耗材,,359827,3M雙面膠,1,
門市自用品,標籤告示與宣傳,,095138,POP雙面膠,1,
門市自用品,其他門市耗材,,462464,萬用去污液,1,
門市自用品,清潔消毒與環衛,,527545,加強型洗潔精,1,
門市自用品,清潔消毒與環衛,,149082,菜瓜布,1,
門市自用品,清潔消毒與環衛,,149079,抹布3片,1,
門市自用品,包裝提袋與寄件,,553333,生理用品袋,1,
門市自用品,咖啡與現調飲品,,348402,咖啡色魔布2入,1,
門市自用品,其他門市耗材,,643588,藍色魔布2入,1,
門市自用品,熟食調理與餐具,,439983,解凍箱(手提式-熱狗),1,
門市自用品,清潔消毒與環衛,,399644,冷凍防護手套M24.5CM,1,
門市自用品,清潔消毒與環衛,,399684,冷凍防護手套L25.5CM,1,
門市自用品,陳列道具與五金,,397759,冷凍食品專用盒,1,
門市自用品,陳列道具與五金,,538840,塑膠防潮板2入 小白,1,
門市自用品,包裝提袋與寄件,,980049,公賣局空箱,1,
門市自用品,包裝提袋與寄件,,881535,藍色垃圾袋,1,
門市自用品,包裝提袋與寄件,,822273,櫃台粉紅色垃圾袋,1,
門市自用品,包裝提袋與寄件,,675435,原黑色垃圾袋30入/卷,1,
門市自用品,包裝提袋與寄件,,669644,廢棄郵件回收袋 訂完為止,1,
門市自用品,包裝提袋與寄件,,006103,廢筆電回收袋5入破壞袋,1,
門市自用品,包裝提袋與寄件,,589850,手機/光碟/電池/充電器回收袋,1,
門市自用品,事務設備與安全,,535746,回收確認單20入,1,
門市自用品,包裝提袋與寄件,,487193,退貨用束帶 橘,1,
門市自用品,其他門市耗材,,474126,A4黑白紙,1,
門市自用品,其他門市耗材,,099459,A4特殊紙,1,
門市自用品,其他門市耗材,,474139,A3黑白紙,1,
門市自用品,其他門市耗材,,332466,4X6專用紙,1,
門市自用品,標籤告示與宣傳,,880568,4X6貼紙專用紙,1,
門市自用品,其他門市耗材,,345613,IBON紙卷,1,
門市自用品,其他門市耗材,,536111,LED-10W黃光 $173(保固兩年),1,
門市自用品,其他門市耗材,,536117,LED-10W白光 $173(保固兩年),1,
門市自用品,標籤告示與宣傳,,321829,台車擺放注意警語,1,
門市自用品,陳列道具與五金,,538468,補貨台車輪子,1,
門市自用品,其他門市耗材,,344953,櫃台煙酒四機回收,1,
門市自用品,事務設備與安全,,990631,預購單,1,
門市自用品,其他門市耗材,,302906,暫停服務牌/自助廢紙,1,
門市自用品,其他門市耗材,,099514,IBON票卷信封,1,
門市自用品,陳列道具與五金,,445432,無障礙斜坡,1,
門市自用品,其他門市耗材,,742757,低溫警告標示牌,1,
門市自用品,其他門市耗材,,355912,本設備故障中,1,
門市自用品,陳列道具與五金,,428488,落地陳列箱(3入) 小紅,1,
門市自用品,清潔消毒與環衛,,346500,正確洗手步驟,1,
門市自用品,其他門市耗材,,253934,直爪勾,1,
門市自用品,標籤告示與宣傳,,255392,POP吊掛組橈板,1,
門市自用品,標籤告示與宣傳,,379318,A3POP陳列板3入,1,
門市自用品,標籤告示與宣傳,,379298,A4POP陳列板5入,1,
門市自用品,標籤告示與宣傳,,480950,貨架背板POP夾,1,
門市自用品,包裝提袋與寄件,,537632,禮盒提袋(5入),1,
門市自用品,包裝提袋與寄件,,377655,中型禮盒提袋(5入),1,
門市自用品,包裝提袋與寄件,,946062,糕點商品禮盒提袋(5入),1,
門市自用品,陳列道具與五金,,196725,禮盒金布,1,
門市自用品,陳列道具與五金,,842853,拆疊式禮盒架金布,1,
門市自用品,其他門市耗材,,580382,擦手紙(20入),1,
門市自用品,其他門市耗材,,361543,大捲衛生紙(12入),1,
門市自用品,其他門市耗材,,349778,萬用紙巾(30入) 方的,1,
門市自用品,標籤告示與宣傳,,173221,化妝室公約,1,
門市自用品,清潔消毒與環衛,,302948,清潔中(廁所用),1,
門市自用品,清潔消毒與環衛,,492635,如廁後請洗手,1,
門市自用品,清潔消毒與環衛,,742029,廁所清潔表,1,
門市自用品,其他門市耗材,,473963,廁所貼心提醒,1,
門市自用品,清潔消毒與環衛,,816488,廁所專用垃圾桶46L,1,
門市自用品,清潔消毒與環衛,,805692,廁所專用垃圾桶35L,1,
門市自用品,包裝提袋與寄件,,807982,廁所專用垃圾袋 50入,1,
門市自用品,清潔消毒與環衛,,319886,抽取式自刷衛生紙,1,
門市自用品,清潔消毒與環衛,,400179,手持吸塵器$295元,1,
門市自用品,熟食調理與餐具,,480536,番茄醬,1,
門市自用品,熟食調理與餐具,,105866,甜辣醬,1,
門市自用品,熟食調理與餐具,,277251,醬油膏,1,
門市自用品,其他門市耗材,,715984,芥末醬,1,
門市自用品,其他門市耗材,,715997,酸黃瓜醬,1,
門市自用品,熟食調理與餐具,,386532,台式辣椒,1,
門市自用品,其他門市耗材,,880758,小蘇打粉(熱壓吐司專用),1,
門市自用品,包裝提袋與寄件,,649089,熱壓吐司專用紙袋,1,
門市自用品,標籤告示與宣傳,,966986,防水時間貼紙,1,
門市自用品,包裝提袋與寄件,,095141,大燒包紙袋,1,
門市自用品,熟食調理與餐具,,741853,包子品名貼紙,1,
門市自用品,熟食調理與餐具,,774923,試吃竹籤(60支),1,
門市自用品,熟食調理與餐具,,538714,試吃用剪刀,1,
門市自用品,熟食調理與餐具,,538730,試吃用砧板,1,
門市自用品,熟食調理與餐具,,538727,試吃用刀子,1,
門市自用品,熟食調理與餐具,,716574,鮮食試吃杯,1,
門市自用品,熟食調理與餐具,,537137,鮮食試吃杯(綠標),1,
門市自用品,熟食調理與餐具,,464181,熱狗品名卡,1,
門市自用品,包裝提袋與寄件,,576852,大亨堡專用L型紙袋500入,1,
門市自用品,熟食調理與餐具,,305925,熱狗竹籤,1,
門市自用品,陳列道具與五金,,581508,大亨堡盒,1,
門市自用品,熟食調理與餐具,,196291,熱狗吸油布,1,
門市自用品,熟食調理與餐具,,188135,熱狗夾層,1,
門市自用品,熟食調理與餐具,,114606,HR30熱狗告知卡鐵架,1,
門市自用品,熟食調理與餐具,,365439,秋冬熱狗機POP,1,
門市自用品,熟食調理與餐具,,433840,春夏熱狗機POP,1,
門市自用品,熟食調理與餐具,,492921,秋冬茶葉蛋POP,1,
門市自用品,熟食調理與餐具,,432234,春夏茶葉蛋POP,1,
門市自用品,熟食調理與餐具,,336747,茶葉蛋靜電貼,1,
門市自用品,熟食調理與餐具,,340293,茶葉蛋袋16*20 (300入),1,
門市自用品,熟食調理與餐具,,881690,茶葉蛋墊高架,1,
門市自用品,熟食調理與餐具,,374710,茶葉蛋滷汁 1包*27000,1,
門市自用品,熟食調理與餐具,,376257,茶葉蛋吸油布,1,
門市自用品,熟食調理與餐具,,352821,茶葉蛋桃木部旗,1,
門市自用品,標籤告示與宣傳,,417995,蛋鍋預熱中貼紙,1,
門市自用品,其他門市耗材,,603476,滷味開鍋包,1,
門市自用品,其他門市耗材,,603453,滷味補充包,1,
門市自用品,熟食調理與餐具,,412385,滷味小碗50入,1,
門市自用品,熟食調理與餐具,,412419,滷味大碗50入,1,
門市自用品,標籤告示與宣傳,,470912,滷味圈選貼紙,1,
門市自用品,標籤告示與宣傳,,309221,滷味桃木部旗,1,
門市自用品,標籤告示與宣傳,,327385,秋冬滷味POP,1,
門市自用品,標籤告示與宣傳,,433849,春夏滷味POP,1,
門市自用品,熟食調理與餐具,,340091,關東煮開鍋包,1,
門市自用品,熟食調理與餐具,,340205,關東煮補充包,1,
門市自用品,熟食調理與餐具,,123695,關東煮大碗,1,
門市自用品,熟食調理與餐具,,123682,關東煮小碗,1,
門市自用品,咖啡與現調飲品,,123718,大蓋,1,
門市自用品,其他門市耗材,,123705,小蓋,1,
門市自用品,熟食調理與餐具,,472813,秋冬關東煮POP,1,
門市自用品,熟食調理與餐具,,433800,春夏關東煮POP,1,
門市自用品,熟食調理與餐具,,464301,關東煮預熱中POP,1,
門市自用品,熟食調理與餐具,,577136,現蒸地瓜專用袋200個,1,
門市自用品,熟食調理與餐具,,323181,現蒸地瓜下方價格牌,1,
門市自用品,熟食調理與餐具,,355265,秋冬地瓜POP,1,
門市自用品,熟食調理與餐具,,433890,春夏地瓜POP,1,
門市自用品,熟食調理與餐具,,355266,地瓜秤重靜貼,1,
門市自用品,包裝提袋與寄件,,324755,36mm寬膠帶,1,
門市自用品,包裝提袋與寄件,,324959,12mm細膠帶,1,
門市自用品,其他門市耗材,,709501,105元經濟箱,1,
門市自用品,事務設備與安全,,933218,EC專用電子稱,1,
門市自用品,包裝提袋與寄件,,331879,可生物降解寄件袋,1,
門市自用品,其他門市耗材,,709501,105經濟宅急便外箱,1,
門市自用品,包裝提袋與寄件,,696866,交貨便iBON貼紙(北),1,
門市自用品,包裝提袋與寄件,,703677,交貨便iBON貼紙(南),1,
門市自用品,包裝提袋與寄件,,533230,交貨便單尺,1,
門市自用品,其他門市耗材,,377652,EC專用尺,1,
門市自用品,包裝提袋與寄件,,340579,交貨便服務單袋 $0,1,
門市自用品,包裝提袋與寄件,,300433,交貨便寄件袋 $3,1,
門市自用品,包裝提袋與寄件,,675719,經濟交貨便專用袋 $3,1,
門市自用品,包裝提袋與寄件,,450210,交貨便文件盒 $5,1,
門市自用品,包裝提袋與寄件,,404113,交貨便寄件箱(小) $8,1,
門市自用品,包裝提袋與寄件,,404114,交貨便寄件箱(中) $12,1,
門市自用品,包裝提袋與寄件,,505901,交貨便寄件箱(大) $18,1,
門市自用品,包裝提袋與寄件,,606579,交貨便120公分箱 $25,1,
門市自用品,其他門市耗材,,888917,S90冷凍專用箱(大)$20,1,
門市自用品,其他門市耗材,,351088,S80冷凍專用箱(中)$19,1,
門市自用品,其他門市耗材,,888712,S60冷凍專用箱(小)$12,1,
門市自用品,包裝提袋與寄件,,699923,郵局便利袋1號包,1,
門市自用品,包裝提袋與寄件,,699945,郵局便利袋2號包,1,
門市自用品,事務設備與安全,,574426,10型滅火器換藥$414,1,
門市自用品,事務設備與安全,,574458,20型滅火器換藥$515,1,
門市自用品,事務設備與安全,,881962,10型滅火器$796,1,
門市自用品,事務設備與安全,,882060,20型滅火器$955,1,
門市自用品,陳列道具與五金,,882280,滅火器放置架,1,
門市自用品,其他門市耗材,,196534,大白熊,1,
門市自用品,事務設備與安全,,492557,濾心吊卡,1,
門市自用品,標籤告示與宣傳,,881784,地滑警示牌,1,
門市自用品,其他門市耗材,,881373,LED緊急出口燈,1,
門市自用品,其他門市耗材,,005966,噴霧器-噴頭,1,
門市自用品,清潔消毒與環衛,,520319,75%酒精-4L,1,
門市自用品,清潔消毒與環衛,,420925,75%酒精-500ml,1,
門市自用品,標籤告示與宣傳,,406715,拍賣出清貼紙7折,1,
門市自用品,標籤告示與宣傳,,406725,拍賣出清貼紙5折,1,
門市自用品,標籤告示與宣傳,,406704,拍賣出清貼紙3折,1,
門市自用品,標籤告示與宣傳,,632515,i珍食貼紙8折/65折,1,
門市自用品,其他門市耗材,,583719,自動門暫停服務,1,
門市自用品,其他門市耗材,,533078,拿鐵豆,1,
門市自用品,其他門市耗材,,533065,美式豆,1,
門市自用品,咖啡與現調飲品,,170516,攪拌棒*1000,1,
門市自用品,咖啡與現調飲品,,405600,特大杯杯檔(100入),1,
門市自用品,其他門市耗材,,061669,砂糖*100,1,
門市自用品,其他門市耗材,,585486,果糖*20,1,
門市自用品,咖啡與現調飲品,,493998,量水杯3L,1,
門市自用品,其他門市耗材,,411325,計時器,1,
門市自用品,咖啡與現調飲品,,452144,奶精*50,1,
門市自用品,陳列道具與五金,,537218,2杯架50入,1,
門市自用品,陳列道具與五金,,537221,4杯架50入,1,
門市自用品,包裝提袋與寄件,,003171,4杯紙袋*50,1,
門市自用品,咖啡與現調飲品,,663377,咖啡豆密封棒(4入),1,
門市自用品,咖啡與現調飲品,,003472,咖啡保溫壺,1,
門市自用品,事務設備與安全,,533725,客情奇杯卡200入,1,
門市自用品,咖啡與現調飲品,,548517,超大紙杯,1,
門市自用品,其他門市耗材,,410519,中杯*50,1,
門市自用品,其他門市耗材,,410551,大杯*50,1,
門市自用品,咖啡與現調飲品,,367355,特大紙杯(22oz),1,
門市自用品,咖啡與現調飲品,,881797,咖啡杯套,1,
門市自用品,其他門市耗材,,566748,超大杯杯蓋,1,
門市自用品,其他門市耗材,,535818,中大杯蓋,1,
門市自用品,其他門市耗材,,403980,珍珠飲品熱杯蓋,1,
門市自用品,咖啡與現調飲品,,882989,咖啡試飲杯(咖啡標),1,
門市自用品,咖啡與現調飲品,,003168,現萃茶-濾紙,1,
門市自用品,咖啡與現調飲品,,366409,現萃茶機專用藥錠,1,
門市自用品,清潔消毒與環衛,,783880,單杯萃茶機每日清潔架片,1,
門市自用品,咖啡與現調飲品,,376808,現萃茶桃木部旗,1,
門市自用品,咖啡與現調飲品,,408091,現萃茶杯套,1,
門市自用品,其他門市耗材,,655962,青茶茶葉(小),1,
門市自用品,其他門市耗材,,645734,紅茶茶葉(小),1,
門市自用品,其他門市耗材,,784034,華草機-青茶,1,
門市自用品,咖啡與現調飲品,,460401,現萃茶試飲杯(綠標),1,
門市自用品,標籤告示與宣傳,,364250,前置型美陳POP,1,
門市自用品,其他門市耗材,,360130,封膜機專用膜,1,
門市自用品,咖啡與現調飲品,,347361,循環杯-中 10個/條,1,
門市自用品,咖啡與現調飲品,,347355,循環杯-大 14個/條,1,
門市自用品,咖啡與現調飲品,,347377,循環杯-特大 10個/條,1,
門市自用品,咖啡與現調飲品,,439198,可循環專用紙杯蓋25個,1,
門市自用品,包裝提袋與寄件,,470605,封口膠帶專用膠台,1,
門市自用品,咖啡與現調飲品,,451057,循環杯封口膠帶,1,
門市自用品,咖啡與現調飲品,,448441,循環杯專用套袋-退貨用,1,
門市自用品,咖啡與現調飲品,,447268,循環杯-櫥窗燈箱片(主配),1,
門市自用品,清潔消毒與環衛,,003281,台新機共用長柄刷,1,
門市自用品,咖啡與現調飲品,,335989,藥粉+藥錠 共用,1,
門市自用品,咖啡與現調飲品,,394540,M咖啡機藥水(老日光),1,
門市自用品,標籤告示與宣傳,,325932,88公分雙層飾條,1,
門市自用品,其他門市耗材,,333896,88公分透明前擋板,1,
門市自用品,陳列道具與五金,,819227,搖動式掛勾(側面架),1,
門市自用品,陳列道具與五金,,304670,6公分T行隔板10入,1,
門市自用品,陳列道具與五金,,315285,6公分L行隔板左 5入,1,
門市自用品,陳列道具與五金,,315288,6公分L行隔板右 5入,1,
門市自用品,其他門市耗材,,376574,防壓麵包板10入,1,
門市自用品,標籤告示與宣傳,,881658,黃色價格卡一包20張,1,
門市自用品,標籤告示與宣傳,,533992,缺貨價格卡(100入) 100片/60元 塑料PVC材質,1,
門市自用品,其他門市耗材,,516896,甜點OSC上下靜貼,1,
門市自用品,事務設備與安全,,517129,甜點OSC 20公分鉆卡,1,
門市自用品,陳列道具與五金,,637721,冷凍陳列盒2入,1,
門市自用品,標籤告示與宣傳,,637730,58公分冷凍陳列盒飾條,1,
門市自用品,標籤告示與宣傳,,637734,63公分冷凍陳列盒飾條,1,
門市自用品,標籤告示與宣傳,,634051,68公分冷凍陳列盒飾條,1,
門市自用品,其他門市耗材,,742773,7-ELEVEN LOGO靜貼,1,
門市自用品,標籤告示與宣傳,,506204,冷凍冰櫃層板飾條67公分,1,
門市自用品,其他門市耗材,,094302,冰箱低層扁平貼條59公分,1,
門市自用品,其他門市耗材,,094409,冰箱低層扁平貼條88公分,1,
門市自用品,標籤告示與宣傳,,347196,OSC啤酒警語,1,
門市自用品,標籤告示與宣傳,,346967,W/I啤酒警語,1,
門市自用品,事務設備與安全,,517074,甜點OSC 10公分鉆卡,1,
門市自用品,標籤告示與宣傳,,517083,甜點OSC 84公分飾條*7,1,
門市自用品,咖啡與現調飲品,,530806,精品咖啡豆,1,
門市自用品,陳列道具與五金,,477205,精品-瓜地馬拉(三豆槽),1,
門市自用品,其他門市耗材,,421011,精品專用熱杯蓋(黑),1,
門市自用品,咖啡與現調飲品,,421112,精品專用紙杯(中),1,
門市自用品,咖啡與現調飲品,,535291,精品專用紙杯(大),1,
門市自用品,咖啡與現調飲品,,447179,精品咖啡紙杯(小),1,
門市自用品,咖啡與現調飲品,,447691,精品咖啡杯蓋(小),1,
門市自用品,咖啡與現調飲品,,581536,精品專用杯套,1,
門市自用品,咖啡與現調飲品,,597875,精品專用試飲杯,1,
門市自用品,咖啡與現調飲品,,574856,精品咖啡桃木部旗,1,
門市自用品,咖啡與現調飲品,,322979,精品咖啡天吊旗,1,
門市自用品,咖啡與現調飲品,,361925,精品咖啡外槓布條,1,
門市自用品,咖啡與現調飲品,,916429,精品咖啡櫥窗掛軸,1,
門市自用品,咖啡與現調飲品,,061818,冰塊紅*30,1,
門市自用品,咖啡與現調飲品,,061821,冰塊藍*20,1,
門市自用品,咖啡與現調飲品,,335953,冰塊綠*16,1,
門市自用品,咖啡與現調飲品,,343065,OPEN小將冰塊杯(特大),1,
門市自用品,咖啡與現調飲品,,333475,冰塊杯(特大製冰機門市),1,
門市自用品,包裝提袋與寄件,,361069,鮮食付費提袋(2元),1,
門市自用品,包裝提袋與寄件,,306820,可重複使用提袋1杯裝,1,
門市自用品,包裝提袋與寄件,,306585,可重複使用提袋2杯裝,1,
門市自用品,包裝提袋與寄件,,591223,2元購物袋,1,
門市自用品,包裝提袋與寄件,,719797,1元購物袋,1,
門市自用品,咖啡與現調飲品,,196615,思樂冰專用刷(三個月更換一次),1,
門市自用品,咖啡與現調飲品,,537726,咖啡機通用大中小刷子組(三個月更換一次),1,
門市自用品,咖啡與現調飲品,,530784,EVERSYS牛奶藥錠(大昌新機E4M、C2),1,
門市自用品,咖啡與現調飲品,,593345,ES咖啡藥球(大昌新機E4M、C2),1,
門市自用品,咖啡與現調飲品,,392827,EVERSYS專用中小刷(大昌新機E4M、C2),1,
門市自用品,咖啡與現調飲品,,003935,Egro中刷(大昌新機E4M、C2),1,
門市自用品,咖啡與現調飲品,,003948,Egro長刷(大昌新機E4M、C2),1,
門市自用品,咖啡與現調飲品,,003951,Egro短刷(大昌新機E4M、C2),1,
